<?xml version="1.0" encoding="UTF-8"?>
<!DOCTYPE mapper
  PUBLIC "-//mybatis.org//DTD Mapper 3.0//EN"
  "http://mybatis.org/dtd/mybatis-3-mapper.dtd">
<mapper namespace="com.team_h.wishbook.dao.mybatis.mapper.AccountMapper">
 
	<select id="getUserList" resultType="com.team_h.wishbook.domain.Account">
		SELECT * 
		FROM ACCOUNT
		WHERE USERID NOT IN 'admin'
  	</select>
  	
  	<select id="getGradeList" resultType="com.team_h.wishbook.domain.Grade">
  		SELECT *
  		FROM GRADE
  	</select>
  	
  	<select id="getPasswordByUserId" resultType="java.lang.String">
		 SELECT PASSWORD AS password
		 FROM ACCOUNT
		 WHERE USERID = #{userId}
  	</select>
  	
  	<select id="getUserInfo" resultType="com.team_h.wishbook.domain.Account">
		 SELECT *
		 FROM ACCOUNT
		 WHERE USERID = #{userId}
  	</select>
  	
  	<select id="getGradeName" resultType="java.lang.String">
  		SELECT NAME
  		FROM GRADE
  		WHERE GRADEID = #{gradeId}
  	</select>
  	
  	<update id="updateUserInfo" parameterType="Account">
	  	UPDATE ACCOUNT SET
	      PASSWORD = #{password},
	      NAME = #{name},
	      EMAIL = #{email},
	      ADDRESS = #{address},
	      PHONE = #{phone},
	      FAVORITECATEGORY = #{favoriteCategory}
	    WHERE USERID = #{userId}
  	</update>
  	
  	<insert id="registerAccount" parameterType="Account">
  		INSERT INTO ACCOUNT
      		(USERID, PASSWORD, NAME, EMAIL, ADDRESS, PHONE, FAVORITECATEGORY, POINT, PURCHASEAMOUNT, GRADEID, SELLNUM)
   		VALUES
      		(#{userId}, #{password}, #{name}, #{email}, #{address}, #{phone}, #{favoriteCategory}, 0, 0, 1, 0)
  	</insert>
  
</mapper>